{"train_accuracy":0.9730363488197327,"val_loss":0.15949663519859314,"val_accuracy":0.954992949962616,"_timestamp":1.7380086356341453e+09,"_wandb":{"runtime":39},"_runtime":39.266990113,"_step":0,"train_loss":0.08219175785779953}