{"_step":0,"_wandb":{"runtime":23},"train_loss":0.16932938992977142,"train_accuracy":0.9391559362411499,"val_loss":0.18658195436000824,"val_accuracy":0.9437412023544312,"_timestamp":1.738008373851383e+09,"_runtime":23.730654023}