{"val_loss":0.19907304644584656,"_wandb":{"runtime":13},"val_accuracy":0.936240017414093,"_timestamp":1.7380087404054503e+09,"_runtime":13.243934988,"_step":0,"train_loss":0.20205999910831451,"train_accuracy":0.9318874478340149}