{"evento_nao_agressivo_f1-score":0.9345794392523364,"curva_direita_agressiva_precision":0.9532019704433498,"weighted avg_recall":0.9582747304266291,"C":100,"curva_direita_agressiva_recall":1,"aceleracao_agressiva_f1-score":0.9609467455621302,"troca_faixa_esquerda_agressiva_support":84,"troca_faixa_direita_agressiva_recall":0.8404255319148937,"weighted avg_precision":0.9590523303502868,"aceleracao_agressiva_precision":0.9419953596287703,"evento_nao_agressivo_support":480,"troca_faixa_direita_agressiva_precision":1,"macro avg_f1-score":0.9451301454511493,"curva_direita_agressiva_support":387,"n_estimators":100,"aceleracao_agressiva_support":414,"curva_esquerda_agressiva_recall":0.9917808219178083,"_wandb":{"runtime":808},"aceleracao_agressiva_recall":0.9806763285024155,"_step":5738,"curva_esquerda_agressiva_support":365,"_runtime":232.062465836,"_timestamp":1.7380050829249964e+09,"freada_agressiva_f1-score":0.9701986754966887,"weighted avg_f1-score":0.9577612959576162,"evento_nao_agressivo_precision":0.9316770186335404,"kernel":"rbf","accuracy":0.9582747304266291,"freada_agressiva_recall":0.948220064724919,"curva_direita_agressiva_f1-score":0.9760403530895334,"curva_esquerda_agressiva_precision":0.9783783783783784,"macro avg_recall":0.9280316849541548,"troca_faixa_direita_agressiva_support":94,"gamma":0.01,"troca_faixa_esquerda_agressiva_precision":0.9710144927536232,"evento_nao_agressivo_recall":0.9375,"troca_faixa_esquerda_agressiva_f1-score":0.8758169934640523,"macro avg_precision":0.9670696512601017,"freada_agressiva_support":309,"macro avg_support":2133,"freada_agressiva_precision":0.9932203389830508,"troca_faixa_esquerda_agressiva_recall":0.7976190476190477,"troca_faixa_direita_agressiva_f1-score":0.9132947976878613,"weighted avg_support":2133,"curva_esquerda_agressiva_f1-score":0.9850340136054422}