{"_runtime":55.946672069,"_step":0,"_wandb":{"runtime":55},"train_loss":0.08191391825675964,"train_accuracy":0.9725673794746399,"val_loss":0.15545129776000977,"val_accuracy":0.9563994407653809,"_timestamp":1.7380084377070177e+09}