{"val_accuracy":0.9760900139808655,"_timestamp":1.7380087201420531e+09,"_runtime":76.636855899,"_wandb":{"runtime":76},"_step":0,"train_loss":0.05425470694899559,"train_accuracy":0.9812426567077637,"val_loss":0.12793423235416412}