{"_wandb":{"runtime":56},"_runtime":56.88306668,"_step":0,"train_loss":0.04612388834357262,"train_accuracy":0.9846424460411072,"val_loss":0.1063271164894104,"val_accuracy":0.9765588641166687,"_timestamp":1.738008842117582e+09}