{"train_accuracy":0.9846424460411072,"val_loss":0.14907731115818024,"_wandb":{"runtime":117},"val_accuracy":0.9690576791763306,"_timestamp":1.7380085617156024e+09,"_runtime":117.172131007,"_step":0,"train_loss":0.050153300166130066}