{"val_accuracy":0.9629629850387573,"_wandb":{"runtime":29},"_timestamp":1.7380087773742023e+09,"_runtime":29.165164952,"_step":0,"train_loss":0.08487129211425781,"train_accuracy":0.9702227711677551,"val_loss":0.13762560486793518}