{"val_loss":0.20764753222465515,"val_accuracy":0.9381153583526611,"_timestamp":1.7380085925000718e+09,"_runtime":17.698880486,"_step":0,"_wandb":{"runtime":17},"train_loss":0.1806458979845047,"train_accuracy":0.9381008148193359}